supermarket,name,price,image_url,url,barcode
Tienda Inglesa,Harina Tipo 0000 TIENDA INGLESA  1 Kg,60.0,"https://prod-resize.tiendainglesa.com.uy/images/small/P106356-1.jpg?20210402160101,Harina-Tipo-0000-TIENDA-INGLESA-1-Kg-en-Tienda-Inglesa","https://www.tiendainglesa.com.uy/supermercado/harina-tipo-0000-tienda-inglesa-1-kg.producto?7398,,42",7730127003792
Tienda Inglesa,Galleta OREO sin Gluten 95 gr,63.0,"https://prod-resize.tiendainglesa.com.uy/images/small/P579713-1.jpg?20250916120712,Galleta-OREO-sin-Gluten-95-gr-en-Tienda-Inglesa","https://www.tiendainglesa.com.uy/supermercado/galleta-oreo-sin-gluten-95-gr.producto?1579713,,42",7622202038099
Tienda Inglesa,Tapas para Empanadas Hojaldradas TIENDA INGLESA 20 Unidades,202.0,"https://prod-resize.tiendainglesa.com.uy/images/small/P029465-2.jpg?20211102151343,Tapas-para-Empanadas-Hojaldradas-TIENDA-INGLESA-20-Unidades-en-Tienda-Inglesa","https://www.tiendainglesa.com.uy/supermercado/tapas-para-empanadas-hojaldradas-tienda-inglesa-20-unidades.producto?3076,,42",2629465000004
Tienda Inglesa,Maní con Chocolate TIENDA INGLESA 100 gr,65.0,"https://prod-resize.tiendainglesa.com.uy/images/small/P034948-1.jpg?20240530180059,Mani-con-Chocolate-TIENDA-INGLESA-100-gr-en-Tienda-Inglesa","https://www.tiendainglesa.com.uy/supermercado/mani-con-chocolate-tienda-inglesa-100-gr.producto?3977,,42",7730127002931
Tienda Inglesa,Pasta de Avellana y Cacao Duo TIENDA INGLESA PREMIUM 350 gr,199.0,"https://prod-resize.tiendainglesa.com.uy/images/small/P512215-2.jpg?20230330090104,Pasta-de-Avellana-y-Cacao-Duo-TIENDA-INGLESA-PREMIUM-350-gr-en-Tienda-Inglesa","https://www.tiendainglesa.com.uy/supermercado/pasta-de-avellana-y-cacao-duo-tienda-inglesa-premium-350-gr.producto?1512215,,42",7730127010080
Tienda Inglesa,Azúcar TIENDA INGLESA 1 Kg,49.0,"https://prod-resize.tiendainglesa.com.uy/images/small/P473932-1.jpg?20210402160101,Azucar-TIENDA-INGLESA-1-Kg-en-Tienda-Inglesa","https://www.tiendainglesa.com.uy/supermercado/azucar-tienda-inglesa-1-kg.producto?397825,,42",7730127007684
Tienda Inglesa,Huevo Colorado TIENDA INGLESA Jumbo 12 Unidades    Antes,199.0,"https://prod-resize.tiendainglesa.com.uy/images/small/P039472-1.jpg?20241001110129,Huevo-Colorado-TIENDA-INGLESA-Jumbo-12-Unidades-en-Tienda-Inglesa","https://www.tiendainglesa.com.uy/supermercado/huevo-colorado-tienda-inglesa-jumbo-12-unidades.producto?4816,,42",7730127007493
Tienda Inglesa,Aceite de Girasol y Maíz TIENDA INGLESA 900 ml,95.0,"https://prod-resize.tiendainglesa.com.uy/images/small/P116741-2.jpg?20230427160214,Aceite-de-Girasol-y-Maiz-TIENDA-INGLESA-900-ml-en-Tienda-Inglesa","https://www.tiendainglesa.com.uy/supermercado/aceite-de-girasol-y-maiz-tienda-inglesa-900-ml.producto?8026,,42",7730127002559
Tienda Inglesa,Galletas Obleas Bridge Rellenas de Chocolate EL TRIGAL 140 gr,79.0,"https://prod-resize.tiendainglesa.com.uy/images/small/P034888-1.jpg?20220111155842,Galletas-Obleas-Bridge-Rellenas-de-Chocolate-EL-TRIGAL-140-gr-en-Tienda-Inglesa","https://www.tiendainglesa.com.uy/supermercado/galletas-obleas-bridge-rellenas-de-chocolate-el-trigal-140-gr.producto?3968,,42",7730116460131
Tienda Inglesa,Tostadita Salmas de Maíz al Horno SANISSIMO 216 gr,157.0,"https://prod-resize.tiendainglesa.com.uy/images/small/P516028-2.jpg?20251111113028,Tostadita-Salmas-de-Maiz-al-Horno-SANISSIMO-216-gr-en-Tienda-Inglesa","https://www.tiendainglesa.com.uy/supermercado/tostadita-salmas-de-maiz-al-horno-sanissimo-216-gr.producto?1516028,,42",7750727006665
Tienda Inglesa,Galleta OREO 354 gr,153.0,"https://prod-resize.tiendainglesa.com.uy/images/small/P379145-1.jpg?20250916120712,Galleta-OREO-354-gr-en-Tienda-Inglesa","https://www.tiendainglesa.com.uy/supermercado/galleta-oreo-354-gr.producto?305866,,42",7622201502966
Tienda Inglesa,"Pulpa de Tomate TIENDA INGLESA Concentrada 1,030 Kg    Antes",69.0,"https://prod-resize.tiendainglesa.com.uy/images/small/P143871-1.jpg?20250711200147,Pulpa-de-Tomate-TIENDA-INGLESA-Concentrada-1-030-Kg-en-Tienda-Inglesa","https://www.tiendainglesa.com.uy/supermercado/pulpa-de-tomate-tienda-inglesa-concentrada-1-030-kg.producto?9373,,42",7730127004423
Tienda Inglesa,Galleta Arroz CEREALITAS 160 gr,87.0,"https://prod-resize.tiendainglesa.com.uy/images/small/P218557-1.jpg?20250916120712,Galleta-Arroz-CEREALITAS-160-gr-en-Tienda-Inglesa","https://www.tiendainglesa.com.uy/supermercado/galleta-arroz-cerealitas-160-gr.producto?14185,,42",7622201753061
Tienda Inglesa,Yerba BALDO 1Kg,193.0,"https://prod-resize.tiendainglesa.com.uy/images/small/P127359-1.jpg?20170830115515,Yerba-BALDO-1Kg-en-Tienda-Inglesa","https://www.tiendainglesa.com.uy/supermercado/yerba-baldo-1kg.producto?8562,,42",7730241003920
Tienda Inglesa,Azúcar AZUCARLITO 1 Kg,48.0,"https://prod-resize.tiendainglesa.com.uy/images/small/P169938-1.jpg?20170830115522,Azucar-AZUCARLITO-1-Kg-en-Tienda-Inglesa","https://www.tiendainglesa.com.uy/supermercado/azucar-azucarlito-1-kg.producto?10551,,42",7730251000018
Tienda Inglesa,Arroz Blanco TIENDA INGLESA 1 Kg,50.0,"https://prod-resize.tiendainglesa.com.uy/images/small/P006656-1.jpg?20250711200147,Arroz-Blanco-TIENDA-INGLESA-1-Kg-en-Tienda-Inglesa","https://www.tiendainglesa.com.uy/supermercado/arroz-blanco-tienda-inglesa-1-kg.producto?1775,,42",7730127001934
Tienda Inglesa,Huevo Colorado PRODHIN Premium (12 un.),262.0,"https://prod-resize.tiendainglesa.com.uy/images/small/P002322-1.jpg?20221104104756,Huevo-Colorado-PRODHIN-Premium-12-un.-en-Tienda-Inglesa","https://www.tiendainglesa.com.uy/supermercado/huevo-colorado-prodhin-premium-12-un..producto?1096,,42",7730239000030
Tienda Inglesa,Arroz BLUE PATNA 1 Kg,56.0,"https://prod-resize.tiendainglesa.com.uy/images/small/P000208-1.jpg?20191127105540,Arroz-BLUE-PATNA-1-Kg-en-Tienda-Inglesa","https://www.tiendainglesa.com.uy/supermercado/arroz-blue-patna-1-kg.producto?23085,,42",7730114000117
Tienda Inglesa,Choclo en Grano TIENDA INGLESA 300 gr,52.0,"https://prod-resize.tiendainglesa.com.uy/images/small/P478353-1.jpg?20240530180059,Choclo-en-Grano-TIENDA-INGLESA-300-gr-en-Tienda-Inglesa","https://www.tiendainglesa.com.uy/supermercado/choclo-en-grano-tienda-inglesa-300-gr.producto?403196,,42",7730465006127
Tienda Inglesa,Galleta de Arroz Clásicas SAMAN 150 gr,47.0,"https://prod-resize.tiendainglesa.com.uy/images/small/P046853-1.jpg?20190524110502,Galleta-de-Arroz-Clasicas-SAMAN-150-gr-en-Tienda-Inglesa","https://www.tiendainglesa.com.uy/supermercado/galleta-de-arroz-clasicas-saman-150-gr.producto?5246,,42",7730115717106
Tienda Inglesa,Galleta Chiquilín de Chocolate EL TRIGAL 220 gr,80.0,"https://prod-resize.tiendainglesa.com.uy/images/small/P001063-1.jpg?20210520095222,Galleta-Chiquilin-de-Chocolate-EL-TRIGAL-220-gr-en-Tienda-Inglesa","https://www.tiendainglesa.com.uy/supermercado/galleta-chiquilin-de-chocolate-el-trigal-220-gr.producto?674,,42",7730116120141
Tienda Inglesa,Mayonesa Light HELLMANN'S Doypack 475 g    Antes,95.0,"https://prod-resize.tiendainglesa.com.uy/images/small/P075048-1.jpg?20220930211951,Mayonesa-Light-HELLMANN%27S-Doypack-475-g-en-Tienda-Inglesa","https://www.tiendainglesa.com.uy/supermercado/mayonesa-light-hellmanns-doypack-475-g.producto?16333,,42",7730343002067
Tienda Inglesa,Galletas SOLAR 195 gr,67.0,"https://prod-resize.tiendainglesa.com.uy/images/small/P145082-1.jpg?20250916120712,Galletas-SOLAR-195-gr-en-Tienda-Inglesa","https://www.tiendainglesa.com.uy/supermercado/galletas-solar-195-gr.producto?9456,,42",7730110221011
Tienda Inglesa,Huevo Colorado PRODHIN Gallina Libre (12 un.),299.0,"https://prod-resize.tiendainglesa.com.uy/images/small/P447684-1.jpg?20220824200055,Huevo-Colorado-PRODHIN-Gallina-Libre-12-un.-en-Tienda-Inglesa","https://www.tiendainglesa.com.uy/supermercado/huevo-colorado-prodhin-gallina-libre-12-un..producto?368404,,42",7730239000528
Tienda Inglesa,Arroz Parboiled SAMAN 1 Kg,60.0,"https://prod-resize.tiendainglesa.com.uy/images/small/P000408-1.jpg?20190404160330,Arroz-Parboiled-SAMAN-1-Kg-en-Tienda-Inglesa","https://www.tiendainglesa.com.uy/supermercado/arroz-parboiled-saman-1-kg.producto?86,,42",7730115030106
Tienda Inglesa,Chocolate AGUILA para Taza 225 gr,155.0,"https://prod-resize.tiendainglesa.com.uy/images/small/P083919-1.jpg?20250731110110,Chocolate-AGUILA-para-Taza-225-gr-en-Tienda-Inglesa","https://www.tiendainglesa.com.uy/supermercado/chocolate-aguila-para-taza-225-gr.producto?6423,,42",7790580105822
Tienda Inglesa,Polvo Para Hornear ROYAL 200 gr,134.0,"https://prod-resize.tiendainglesa.com.uy/images/small/P000404-1.jpg?20250916120712,Polvo-Para-Hornear-ROYAL-200-gr-en-Tienda-Inglesa","https://www.tiendainglesa.com.uy/supermercado/polvo-para-hornear-royal-200-gr.producto?23271,,42",7622201767716
Tienda Inglesa,Arvejas TIENDA INGLESA 300 gr,48.0,"https://prod-resize.tiendainglesa.com.uy/images/small/P478352-1.jpg?20250711200147,Arvejas-TIENDA-INGLESA-300-gr-en-Tienda-Inglesa","https://www.tiendainglesa.com.uy/supermercado/arvejas-tienda-inglesa-300-gr.producto?403195,,42",7730465006110
Tienda Inglesa,Pulpa de Tomate CONAPROLE Concentrada 1.030 Kg    Antes,72.0,"https://prod-resize.tiendainglesa.com.uy/images/small/P000685-2.jpg?20230607152137,Pulpa-de-Tomate-CONAPROLE-Concentrada-1.030-Kg-en-Tienda-Inglesa","https://www.tiendainglesa.com.uy/supermercado/pulpa-de-tomate-conaprole-concentrada-1.030-kg.producto?2129,,42",7730105015403
Tienda Inglesa,Galletas PORTEÑITAS Bagley 130 gr,33.0,"https://prod-resize.tiendainglesa.com.uy/images/small/P156703-1.jpg?20250930130857,Galletas-PORTEnITAS-Bagley-130-gr-en-Tienda-Inglesa","https://www.tiendainglesa.com.uy/supermercado/galletas-portenitas-bagley-130-gr.producto?10017,,42",7790040421462
Tienda Inglesa,Galleta Pepitos TERRABUSI 357 gr,146.0,"https://prod-resize.tiendainglesa.com.uy/images/small/P106662-3.jpg?20250923111305,Galleta-Pepitos-TERRABUSI-357-gr-en-Tienda-Inglesa","https://www.tiendainglesa.com.uy/supermercado/galleta-pepitos-terrabusi-357-gr.producto?7410,,42",7622201503000
Tienda Inglesa,Papa LAY'S Clásica 380 gr,313.0,"https://prod-resize.tiendainglesa.com.uy/images/small/P569791-1.jpg?20250930130857,Papa-LAY%27S-Clasica-380-gr-en-Tienda-Inglesa","https://www.tiendainglesa.com.uy/supermercado/papa-lays-clasica-380-gr.producto?1569791,,42",7790310986165
Tienda Inglesa,Tomate Perita RÍO DE LA PLATA Entero Pelado en Lata 400 g    Antes,49.0,"https://prod-resize.tiendainglesa.com.uy/images/small/P453440-2.jpg?20221027164620,Tomate-Perita-RO-DE-LA-PLATA-Entero-Pelado-en-Lata-400-g-en-Tienda-Inglesa","https://www.tiendainglesa.com.uy/supermercado/tomate-perita-rio-de-la-plata-entero-pelado-en-lata-400-g.producto?373977,,42",7730205074782
Tienda Inglesa,Galleta María Rika Tripack EL TRIGAL 300 gr,82.0,"https://prod-resize.tiendainglesa.com.uy/images/small/P299478-1.jpg?20210205163618,Galleta-Maria-Rika-Tripack-EL-TRIGAL-300-gr-en-Tienda-Inglesa","https://www.tiendainglesa.com.uy/supermercado/galleta-maria-rika-tripack-el-trigal-300-gr.producto?228511,,42",7730116101249
Tienda Inglesa,Mini Galletas de Arroz SAMAN Clásicas 150 g,53.0,"https://prod-resize.tiendainglesa.com.uy/images/small/P119868-2.jpg?20260120091457,Mini-Galletas-de-Arroz-SAMAN-Clasicas-150-g-en-Tienda-Inglesa","https://www.tiendainglesa.com.uy/supermercado/mini-galletas-de-arroz-saman-clasicas-150-g.producto?8183,,42",7730115000116
Tienda Inglesa,Sal Fina Yodada Fluorada  TIENDA INGLESA 500 gr,64.0,"https://prod-resize.tiendainglesa.com.uy/images/small/P496352-1.jpg?20201117132853,Sal-Fina-Yodada-Fluorada-TIENDA-INGLESA-500-gr-en-Tienda-Inglesa","https://www.tiendainglesa.com.uy/supermercado/sal-fina-yodada-fluorada-tienda-inglesa-500-gr.producto?416520,,42",7730127008124
Tienda Inglesa,Galletas HOGAREÑAS 7 Semillas 543 gr,133.0,"https://prod-resize.tiendainglesa.com.uy/images/small/P389244-1.jpg?20220705195356,Galletas-HOGAREnAS-7-Semillas-543-gr-en-Tienda-Inglesa","https://www.tiendainglesa.com.uy/supermercado/galletas-hogarenas-7-semillas-543-gr.producto?315635,,42",7790040126824
Tienda Inglesa,Mayonesa TIENDA INGLESA 470 g    Antes,75.0,"https://prod-resize.tiendainglesa.com.uy/images/small/P168765-1.jpg?20210402160101,Mayonesa-TIENDA-INGLESA-470-g-en-Tienda-Inglesa","https://www.tiendainglesa.com.uy/supermercado/mayonesa-tienda-inglesa-470-g.producto?10502,,42",7730127004874
Tienda Inglesa,Yerba LA SELVA para Nerviosos 1 Kg,222.0,"https://prod-resize.tiendainglesa.com.uy/images/small/P107271-1.jpg?20210611030035,Yerba-LA-SELVA-para-Nerviosos-1-Kg-en-Tienda-Inglesa","https://www.tiendainglesa.com.uy/supermercado/yerba-la-selva-para-nerviosos-1-kg.producto?7438,,42",7730102008521
Tienda Inglesa,Arroz SAMAN Urumati 1 Kg,120.0,"https://prod-resize.tiendainglesa.com.uy/images/small/P010403-1.jpg?20190404160330,Arroz-SAMAN-Urumati-1-Kg-en-Tienda-Inglesa","https://www.tiendainglesa.com.uy/supermercado/arroz-saman-urumati-1-kg.producto?460,,42",7730115130103
Tienda Inglesa,Harina Tipo 0000 TIENDA INGLESA  1 Kg,60.0,"https://prod-resize.tiendainglesa.com.uy/images/small/P106356-1.jpg?20210402160101,Harina-Tipo-0000-TIENDA-INGLESA-1-Kg-en-Tienda-Inglesa","https://www.tiendainglesa.com.uy/supermercado/harina-tipo-0000-tienda-inglesa-1-kg.producto?7398,,42&campaign=search_category",7730127003792
Tienda Inglesa,Maní con Chocolate TIENDA INGLESA 100 gr,65.0,"https://prod-resize.tiendainglesa.com.uy/images/small/P034948-1.jpg?20240530180059,Mani-con-Chocolate-TIENDA-INGLESA-100-gr-en-Tienda-Inglesa","https://www.tiendainglesa.com.uy/supermercado/mani-con-chocolate-tienda-inglesa-100-gr.producto?3977,,42&campaign=search_category",7730127002931
Tienda Inglesa,Azúcar TIENDA INGLESA 1 Kg,49.0,"https://prod-resize.tiendainglesa.com.uy/images/small/P473932-1.jpg?20210402160101,Azucar-TIENDA-INGLESA-1-Kg-en-Tienda-Inglesa","https://www.tiendainglesa.com.uy/supermercado/azucar-tienda-inglesa-1-kg.producto?397825,,42&campaign=search_category",7730127007684
Tienda Inglesa,Huevo Colorado TIENDA INGLESA Jumbo 12 Unidades    Antes,199.0,"https://prod-resize.tiendainglesa.com.uy/images/small/P039472-1.jpg?20241001110129,Huevo-Colorado-TIENDA-INGLESA-Jumbo-12-Unidades-en-Tienda-Inglesa","https://www.tiendainglesa.com.uy/supermercado/huevo-colorado-tienda-inglesa-jumbo-12-unidades.producto?4816,,42&campaign=search_category",7730127007493
Tienda Inglesa,Aceite de Girasol y Maíz TIENDA INGLESA 900 ml,95.0,"https://prod-resize.tiendainglesa.com.uy/images/small/P116741-2.jpg?20230427160214,Aceite-de-Girasol-y-Maiz-TIENDA-INGLESA-900-ml-en-Tienda-Inglesa","https://www.tiendainglesa.com.uy/supermercado/aceite-de-girasol-y-maiz-tienda-inglesa-900-ml.producto?8026,,42&campaign=search_category",7730127002559
Tienda Inglesa,Galletas Obleas Bridge Rellenas de Chocolate EL TRIGAL 140 gr,79.0,"https://prod-resize.tiendainglesa.com.uy/images/small/P034888-1.jpg?20220111155842,Galletas-Obleas-Bridge-Rellenas-de-Chocolate-EL-TRIGAL-140-gr-en-Tienda-Inglesa","https://www.tiendainglesa.com.uy/supermercado/galletas-obleas-bridge-rellenas-de-chocolate-el-trigal-140-gr.producto?3968,,42&campaign=search_category",7730116460131
Tienda Inglesa,Tostadita Salmas de Maíz al Horno SANISSIMO 216 gr,157.0,"https://prod-resize.tiendainglesa.com.uy/images/small/P516028-2.jpg?20251111113028,Tostadita-Salmas-de-Maiz-al-Horno-SANISSIMO-216-gr-en-Tienda-Inglesa","https://www.tiendainglesa.com.uy/supermercado/tostadita-salmas-de-maiz-al-horno-sanissimo-216-gr.producto?1516028,,42&campaign=search_category",7750727006665
Tienda Inglesa,"Pulpa de Tomate TIENDA INGLESA Concentrada 1,030 Kg    Antes",69.0,"https://prod-resize.tiendainglesa.com.uy/images/small/P143871-1.jpg?20250711200147,Pulpa-de-Tomate-TIENDA-INGLESA-Concentrada-1-030-Kg-en-Tienda-Inglesa","https://www.tiendainglesa.com.uy/supermercado/pulpa-de-tomate-tienda-inglesa-concentrada-1-030-kg.producto?9373,,42&campaign=search_category",7730127004423
Tienda Inglesa,Galleta Arroz CEREALITAS 160 gr,87.0,"https://prod-resize.tiendainglesa.com.uy/images/small/P218557-1.jpg?20250916120712,Galleta-Arroz-CEREALITAS-160-gr-en-Tienda-Inglesa","https://www.tiendainglesa.com.uy/supermercado/galleta-arroz-cerealitas-160-gr.producto?14185,,42&campaign=search_category",7622201753061
Tienda Inglesa,Yerba BALDO 1Kg,193.0,"https://prod-resize.tiendainglesa.com.uy/images/small/P127359-1.jpg?20170830115515,Yerba-BALDO-1Kg-en-Tienda-Inglesa","https://www.tiendainglesa.com.uy/supermercado/yerba-baldo-1kg.producto?8562,,42&campaign=search_category",7730241003920
Tienda Inglesa,Choclo en Grano TIENDA INGLESA 300 gr,52.0,"https://prod-resize.tiendainglesa.com.uy/images/small/P478353-1.jpg?20240530180059,Choclo-en-Grano-TIENDA-INGLESA-300-gr-en-Tienda-Inglesa","https://www.tiendainglesa.com.uy/supermercado/choclo-en-grano-tienda-inglesa-300-gr.producto?403196,,42&campaign=search_category",7730465006127
Tienda Inglesa,Mayonesa Light HELLMANN'S Doypack 475 g    Antes,95.0,"https://prod-resize.tiendainglesa.com.uy/images/small/P075048-1.jpg?20220930211951,Mayonesa-Light-HELLMANN%27S-Doypack-475-g-en-Tienda-Inglesa","https://www.tiendainglesa.com.uy/supermercado/mayonesa-light-hellmanns-doypack-475-g.producto?16333,,42&campaign=search_category",7730343002067
Tienda Inglesa,Chocolate AGUILA para Taza 225 gr,155.0,"https://prod-resize.tiendainglesa.com.uy/images/small/P083919-1.jpg?20250731110110,Chocolate-AGUILA-para-Taza-225-gr-en-Tienda-Inglesa","https://www.tiendainglesa.com.uy/supermercado/chocolate-aguila-para-taza-225-gr.producto?6423,,42&campaign=search_category",7790580105822
Tienda Inglesa,Galletas HOGAREÑAS 7 Semillas 543 gr,133.0,"https://prod-resize.tiendainglesa.com.uy/images/small/P389244-1.jpg?20220705195356,Galletas-HOGAREnAS-7-Semillas-543-gr-en-Tienda-Inglesa","https://www.tiendainglesa.com.uy/supermercado/galletas-hogarenas-7-semillas-543-gr.producto?315635,,42&campaign=search_category",7790040126824
Tienda Inglesa,Mayonesa TIENDA INGLESA 470 g    Antes,75.0,"https://prod-resize.tiendainglesa.com.uy/images/small/P168765-1.jpg?20210402160101,Mayonesa-TIENDA-INGLESA-470-g-en-Tienda-Inglesa","https://www.tiendainglesa.com.uy/supermercado/mayonesa-tienda-inglesa-470-g.producto?10502,,42&campaign=search_category",7730127004874
Tienda Inglesa,Pop Dulce TIENDA INGLESA 150 gr,66.0,"https://prod-resize.tiendainglesa.com.uy/images/small/P176075-3.jpg?20230222171701,Pop-Dulce-TIENDA-INGLESA-150-gr-en-Tienda-Inglesa","https://www.tiendainglesa.com.uy/supermercado/pop-dulce-tienda-inglesa-150-gr.producto?10860,,42&campaign=search_category",7730127222797
Tienda Inglesa,Salsa Kétchup HELLMANN'S Doypack 500 g    Antes,134.0,"https://prod-resize.tiendainglesa.com.uy/images/small/P335667-1.jpg?20231227100014,Salsa-Ketchup-HELLMANN%27S-Doypack-500-g-en-Tienda-Inglesa","https://www.tiendainglesa.com.uy/supermercado/salsa-ketchup-hellmanns-doypack-500-g.producto?264189,,42&campaign=search_category",7794000003590
Tienda Inglesa,Salsa de Tomate RÍO DE LA PLATA en Trozos 400 g    Antes,49.0,"https://prod-resize.tiendainglesa.com.uy/images/small/P394055-2.jpg?20221027164400,Salsa-de-Tomate-RO-DE-LA-PLATA-en-Trozos-400-g-en-Tienda-Inglesa","https://www.tiendainglesa.com.uy/supermercado/salsa-de-tomate-rio-de-la-plata-en-trozos-400-g.producto?320586,,42&campaign=search_category",7730205060273
Tienda Inglesa,Alfajor de Cookies DULCE SOFÍA Bañadas en Chocolate con Relleno de Dul...,52.0,"https://prod-resize.tiendainglesa.com.uy/images/small/P603777-1.jpg?20251211165653,Alfajor-de-Cookies-DULCE-SOFA-Banadas-en-Chocolate-con-Relleno-de-Dulce-de-Leche-80-g-en-Tienda-Inglesa","https://www.tiendainglesa.com.uy/supermercado/alfajor-de-cookies-dulce-sofia-banadas-en-chocolate-con-relleno-de-dulce-de-leche-80-g.producto?1603777,,42&campaign=search_category",7730974440016
Tienda Inglesa,Papas Fritas  LAY'S Switch sabor DORITOS Queso 150 g,190.0,"https://prod-resize.tiendainglesa.com.uy/images/small/P604838-2.jpg?20260115155115,Papas-Fritas-LAY%27S-Switch-sabor-DORITOS-Queso-150-g-en-Tienda-Inglesa","https://www.tiendainglesa.com.uy/supermercado/papas-fritas-lays-switch-sabor-doritos-queso-150-g.producto?1604838,,42&campaign=search_category",7802000021374
Tienda Inglesa,Fideos Spaghetti N°5 BARILLA 500 gr,159.0,"https://prod-resize.tiendainglesa.com.uy/images/small/P003368-1.jpg?20250822170738,Fideos-Spaghetti-N5-BARILLA-500-gr-en-Tienda-Inglesa","https://www.tiendainglesa.com.uy/supermercado/fideos-spaghetti-n5-barilla-500-gr.producto?69054,,42",8076800195057
Tienda Inglesa,Aceite de Girasol y Maíz OPTIMO 900 ml,99.0,"https://prod-resize.tiendainglesa.com.uy/images/small/P108193-1.jpg?20170830115512,Aceite-de-Girasol-y-Maiz-OPTIMO-900-ml-en-Tienda-Inglesa","https://www.tiendainglesa.com.uy/supermercado/aceite-de-girasol-y-maiz-optimo-900-ml.producto?7508,,42",7730132001165
Tienda Inglesa,Galleta EL TRIGAL de Miel 200 gr,76.0,"https://prod-resize.tiendainglesa.com.uy/images/small/P000875-2.jpg?20241212102829,Galleta-EL-TRIGAL-de-Miel-200-gr-en-Tienda-Inglesa","https://www.tiendainglesa.com.uy/supermercado/galleta-el-trigal-de-miel-200-gr.producto?27,,42",7730116111132
Tienda Inglesa,Levadura Instantánea FLEISCHMANN  10 gr,36.0,"https://prod-resize.tiendainglesa.com.uy/images/small/P406018-1.jpg?20230712120039,Levadura-Instantanea-FLEISCHMANN-10-gr-en-Tienda-Inglesa","https://www.tiendainglesa.com.uy/supermercado/levadura-instantanea-fleischmann-10-gr.producto?332526,,42",77309129
Tienda Inglesa,Pop Dulce TIENDA INGLESA 150 gr,66.0,"https://prod-resize.tiendainglesa.com.uy/images/small/P176075-3.jpg?20230222171701,Pop-Dulce-TIENDA-INGLESA-150-gr-en-Tienda-Inglesa","https://www.tiendainglesa.com.uy/supermercado/pop-dulce-tienda-inglesa-150-gr.producto?10860,,42",7730127222797
Tienda Inglesa,Galleta CEREALITAS Clásica Tripack 636 gr,148.0,"https://prod-resize.tiendainglesa.com.uy/images/small/P246097-1.jpg?20250916120712,Galleta-CEREALITAS-Clasica-Tripack-636-gr-en-Tienda-Inglesa","https://www.tiendainglesa.com.uy/supermercado/galleta-cerealitas-clasica-tripack-636-gr.producto?19580,,42",7622201509255
Tienda Inglesa,Caldo KNORR de Verduras x 12 Cubos,131.0,"https://prod-resize.tiendainglesa.com.uy/images/small/P057488-4.jpg?20221005130517,Caldo-KNORR-de-Verduras-x-12-Cubos-en-Tienda-Inglesa","https://www.tiendainglesa.com.uy/supermercado/caldo-knorr-de-verduras-x-12-cubos.producto?5571,,42",7730343001404
Tienda Inglesa,Salsa Kétchup HELLMANN'S Doypack 500 g    Antes,134.0,"https://prod-resize.tiendainglesa.com.uy/images/small/P335667-1.jpg?20231227100014,Salsa-Ketchup-HELLMANN%27S-Doypack-500-g-en-Tienda-Inglesa","https://www.tiendainglesa.com.uy/supermercado/salsa-ketchup-hellmanns-doypack-500-g.producto?264189,,42",7794000003590
Tienda Inglesa,Duraznos en Almíbar TIENDA INGLESA 820 g,154.0,"https://prod-resize.tiendainglesa.com.uy/images/small/P152629-1.jpg?20240530180059,Duraznos-en-Almibar-TIENDA-INGLESA-820-g-en-Tienda-Inglesa","https://www.tiendainglesa.com.uy/supermercado/duraznos-en-almibar-tienda-inglesa-820-g.producto?55666,,42",7730127001927
Tienda Inglesa,Huevo Blanco TIENDA INGLESA con 12 Unidades,249.0,"https://prod-resize.tiendainglesa.com.uy/images/small/P120310-1.jpg?20200722160126,Huevo-Blanco-TIENDA-INGLESA-con-12-Unidades-en-Tienda-Inglesa","https://www.tiendainglesa.com.uy/supermercado/huevo-blanco-tienda-inglesa-con-12-unidades.producto?8221,,42",7730127007516
Tienda Inglesa,Yerba Serena CANARIAS 1 Kg,218.0,"https://prod-resize.tiendainglesa.com.uy/images/small/P042940-1.jpg?20220111155842,Yerba-Serena-CANARIAS-1-Kg-en-Tienda-Inglesa","https://www.tiendainglesa.com.uy/supermercado/yerba-serena-canarias-1-kg.producto?5090,,42",7730241010294
Tienda Inglesa,Alfajor de Chocolate PORTEZUELO Pack x 6 Unidades,113.0,"https://prod-resize.tiendainglesa.com.uy/images/small/P041468-1.jpg?20220425093012,Alfajor-de-Chocolate-PORTEZUELO-Pack-x-6-Unidades-en-Tienda-Inglesa","https://www.tiendainglesa.com.uy/supermercado/alfajor-de-chocolate-portezuelo-pack-x-6-unidades.producto?5025,,42",7730236000125
Tienda Inglesa,Sal Fina SEK Yodofluorada 500 gr,67.0,"https://prod-resize.tiendainglesa.com.uy/images/small/P020840-1.jpg?20170830115420,Sal-Fina-SEK-Yodofluorada-500-gr-en-Tienda-Inglesa","https://www.tiendainglesa.com.uy/supermercado/sal-fina-sek-yodofluorada-500-gr.producto?23645,,42",77300607
Tienda Inglesa,Pulpa de Tomate GOURMET 1.030 Kg    Antes,79.0,"https://prod-resize.tiendainglesa.com.uy/images/small/P020516-1.jpg?20220111110027,Pulpa-de-Tomate-GOURMET-1.030-Kg-en-Tienda-Inglesa","https://www.tiendainglesa.com.uy/supermercado/pulpa-de-tomate-gourmet-1.030-kg.producto?23610,,42",7730306000017
Tienda Inglesa,Galletas Surtidas TIENDA INGLESA 300 gr,88.0,"https://prod-resize.tiendainglesa.com.uy/images/small/P494947-1.jpg?20210402160101,Galletas-Surtidas-TIENDA-INGLESA-300-gr-en-Tienda-Inglesa","https://www.tiendainglesa.com.uy/supermercado/galletas-surtidas-tienda-inglesa-300-gr.producto?415003,,42",7730127008155
Tienda Inglesa,Arroz Green CHEF 1 Kg,49.0,"https://prod-resize.tiendainglesa.com.uy/images/small/P085860-2.jpg?20240702115121,Arroz-Green-CHEF-1-Kg-en-Tienda-Inglesa","https://www.tiendainglesa.com.uy/supermercado/arroz-green-chef-1-kg.producto?6511,,42",7730114400016
Tienda Inglesa,Galletas Crackers TIENDA INGLESA 400 gr,97.0,"https://prod-resize.tiendainglesa.com.uy/images/small/P025079-1.jpg?20210402160101,Galletas-Crackers-TIENDA-INGLESA-400-gr-en-Tienda-Inglesa","https://www.tiendainglesa.com.uy/supermercado/galletas-crackers-tienda-inglesa-400-gr.producto?2448,,42",7730127002313
Tienda Inglesa,Yerba CANARIAS 1 Kg,196.0,"https://prod-resize.tiendainglesa.com.uy/images/small/P000691-1.jpg?20170830115411,Yerba-CANARIAS-1-Kg-en-Tienda-Inglesa","https://www.tiendainglesa.com.uy/supermercado/yerba-canarias-1-kg.producto?2130,,42",7730241003654
Tienda Inglesa,Galleta LA CELESTINA Finitas 315 gr,89.0,"https://prod-resize.tiendainglesa.com.uy/images/small/P118209-2.jpg?20241114115743,Galleta-LA-CELESTINA-Finitas-315-gr-en-Tienda-Inglesa","https://www.tiendainglesa.com.uy/supermercado/galleta-la-celestina-finitas-315-gr.producto?8102,,42",7730116275179
Tienda Inglesa,Aceite de Girasol NATURA 900 ml,135.0,"https://prod-resize.tiendainglesa.com.uy/images/small/P107272-1.jpg?20210805092341,Aceite-de-Girasol-NATURA-900-ml-en-Tienda-Inglesa","https://www.tiendainglesa.com.uy/supermercado/aceite-de-girasol-natura-900-ml.producto?7439,,42",7790272001005
Tienda Inglesa,Dulce de Membrillo LOS NIETITOS 400g,80.0,"https://prod-resize.tiendainglesa.com.uy/images/small/P036753-1.jpg?20200520172221,Dulce-de-Membrillo-LOS-NIETITOS-400g-en-Tienda-Inglesa","https://www.tiendainglesa.com.uy/supermercado/dulce-de-membrillo-los-nietitos-400g.producto?4322,,42",7730124020501
Tienda Inglesa,Papas LAY'S Rústicas 160 gr,242.0,"https://prod-resize.tiendainglesa.com.uy/images/small/P566777-2.jpg?20240226121712,Papas-LAY%27S-Rusticas-160-gr-en-Tienda-Inglesa","https://www.tiendainglesa.com.uy/supermercado/papas-lays-rusticas-160-gr.producto?1566777,,42",7802000018275
Tienda Inglesa,Sal Fina URUSAL Yodada Fluorada Extra Seca 500 gr,61.0,"https://prod-resize.tiendainglesa.com.uy/images/small/P055899-1.jpg?20210713155228,Sal-Fina-URUSAL-Yodada-Fluorada-Extra-Seca-500-gr-en-Tienda-Inglesa","https://www.tiendainglesa.com.uy/supermercado/sal-fina-urusal-yodada-fluorada-extra-seca-500-gr.producto?5504,,42",7730214000062
Tienda Inglesa,Polenta ARCOR Prestopronta 500g,61.0,"https://prod-resize.tiendainglesa.com.uy/images/small/P052425-1.jpg?20220425093012,Polenta-ARCOR-Prestopronta-500g-en-Tienda-Inglesa","https://www.tiendainglesa.com.uy/supermercado/polenta-arcor-prestopronta-500g.producto?5401,,42",7790580660000
Tienda Inglesa,Aceitunas Verdes sin Carozo en Agua y Sal EMIGRANTE 200 gr    Antes,75.0,"https://prod-resize.tiendainglesa.com.uy/images/small/P111628-1.jpg?20220111155842,Aceitunas-Verdes-sin-Carozo-en-Agua-y-Sal-EMIGRANTE-200-gr-en-Tienda-Inglesa","https://www.tiendainglesa.com.uy/supermercado/aceitunas-verdes-sin-carozo-en-agua-y-sal-emigrante-200-gr.producto?7753,,42",7730267001627
Tienda Inglesa,Galleta Malteada LA TRIGUEÑA 500 gr,109.0,"https://prod-resize.tiendainglesa.com.uy/images/small/P101743-3.jpg?20230519090147,Galleta-Malteada-LA-TRIGUEnA-500-gr-en-Tienda-Inglesa","https://www.tiendainglesa.com.uy/supermercado/galleta-malteada-la-triguena-500-gr.producto?7105,,42",7730221000222
Tienda Inglesa,Pulpa de Tomate CONAPROLE 260 g    Antes,31.0,"https://prod-resize.tiendainglesa.com.uy/images/small/P098560-2.jpg?20240322125833,Pulpa-de-Tomate-CONAPROLE-260-g-en-Tienda-Inglesa","https://www.tiendainglesa.com.uy/supermercado/pulpa-de-tomate-conaprole-260-g.producto?6939,,42",7730105015410
Tienda Inglesa,Galleta Lulu de Frutilla FAMOSA 115 gr,43.0,"https://prod-resize.tiendainglesa.com.uy/images/small/P110853-1.jpg?20250916120712,Galleta-Lulu-de-Frutilla-FAMOSA-115-gr-en-Tienda-Inglesa","https://www.tiendainglesa.com.uy/supermercado/galleta-lulu-de-frutilla-famosa-115-gr.producto?7699,,42",7730110332038
Tienda Inglesa,"Aceite de Girasol NATURA 1,5 L",229.0,"https://prod-resize.tiendainglesa.com.uy/images/small/P010316-1.jpg?20211015030020,Aceite-de-Girasol-NATURA-1-5-L-en-Tienda-Inglesa","https://www.tiendainglesa.com.uy/supermercado/aceite-de-girasol-natura-1-5-l.producto?454,,42",7790272001029
Tienda Inglesa,Salsa de Tomate RÍO DE LA PLATA en Trozos 400 g    Antes,49.0,"https://prod-resize.tiendainglesa.com.uy/images/small/P394055-2.jpg?20221027164400,Salsa-de-Tomate-RO-DE-LA-PLATA-en-Trozos-400-g-en-Tienda-Inglesa","https://www.tiendainglesa.com.uy/supermercado/salsa-de-tomate-rio-de-la-plata-en-trozos-400-g.producto?320586,,42",7730205060273
Tienda Inglesa,Café Instantáneo NESCAFÉ Liofilizado Gold 100 g,503.0,"https://prod-resize.tiendainglesa.com.uy/images/small/P165797-1.jpg?20220824200055,Cafe-Instantaneo-NESCAF-Liofilizado-Gold-100-g-en-Tienda-Inglesa","https://www.tiendainglesa.com.uy/supermercado/cafe-instantaneo-nescafe-liofilizado-gold-100-g.producto?10356,,42",7506475116626
Tienda Inglesa,Galleta Cri Crac Tripack EL TRIGAL 460 gr,118.0,"https://prod-resize.tiendainglesa.com.uy/images/small/P132678-1.jpg?20220111110027,Galleta-Cri-Crac-Tripack-EL-TRIGAL-460-gr-en-Tienda-Inglesa","https://www.tiendainglesa.com.uy/supermercado/galleta-cri-crac-tripack-el-trigal-460-gr.producto?8849,,42",7730116251111
Tienda Inglesa,DORITOS sabor Queso 235 gr    Antes,174.0,"https://prod-resize.tiendainglesa.com.uy/images/small/P548921-2.jpg?20251212173126,DORITOS-sabor-Queso-235-gr-en-Tienda-Inglesa","https://www.tiendainglesa.com.uy/supermercado/doritos-sabor-queso-235-gr.producto?1548921,,42",7802000015632
Tienda Inglesa,Azúcar BELLA UNIÓN Blanco 1 Kg,48.0,"https://prod-resize.tiendainglesa.com.uy/images/small/P000163-1.jpg?20200709110051,Azucar-BELLA-UNIN-Blanco-1-Kg-en-Tienda-Inglesa","https://www.tiendainglesa.com.uy/supermercado/azucar-bella-union-blanco-1-kg.producto?1727,,42",7730106005113
Tienda Inglesa,Palmitos Enteros TIENDA INGLESA 400 gr,189.0,"https://prod-resize.tiendainglesa.com.uy/images/small/P214912-1.jpg?20211127160027,Palmitos-Enteros-TIENDA-INGLESA-400-gr-en-Tienda-Inglesa","https://www.tiendainglesa.com.uy/supermercado/palmitos-enteros-tienda-inglesa-400-gr.producto?13817,,42",7730127005529
Tienda Inglesa,Lomos de Atún RÍO DE LA PLATA al Natural 354 g    Antes,256.0,"https://prod-resize.tiendainglesa.com.uy/images/small/P299994-2.jpg?20221027153013,Lomos-de-Atun-RO-DE-LA-PLATA-al-Natural-354-g-en-Tienda-Inglesa","https://www.tiendainglesa.com.uy/supermercado/lomos-de-atun-rio-de-la-plata-al-natural-354-g.producto?229106,,42",7730205083579
Tienda Inglesa,Choclo de Grano Lata RÍO DE LA PLATA 340 gr,114.0,"https://prod-resize.tiendainglesa.com.uy/images/small/P054794-2.jpg?20221027163653,Choclo-de-Grano-Lata-RO-DE-LA-PLATA-340-gr-en-Tienda-Inglesa","https://www.tiendainglesa.com.uy/supermercado/choclo-de-grano-lata-rio-de-la-plata-340-gr.producto?5473,,42",7730205061492
Tienda Inglesa,Dulce de Leche CONAPROLE Clásico 500 gr,136.0,"https://prod-resize.tiendainglesa.com.uy/images/small/P014587-1.jpg?20220705194926,Dulce-de-Leche-CONAPROLE-Clasico-500-gr-en-Tienda-Inglesa","https://www.tiendainglesa.com.uy/supermercado/dulce-de-leche-conaprole-clasico-500-gr.producto?1048,,42",7730105005114
Tienda Inglesa,Galleta Obleas Rellenas sabor Chocolate TIENDA INGLESA 140 gr,71.0,"https://prod-resize.tiendainglesa.com.uy/images/small/P500770-1.jpg?20220705195356,Galleta-Obleas-Rellenas-sabor-Chocolate-TIENDA-INGLESA-140-gr-en-Tienda-Inglesa","https://www.tiendainglesa.com.uy/supermercado/galleta-obleas-rellenas-sabor-chocolate-tienda-inglesa-140-gr.producto?419142,,42",7730127007752
Tienda Inglesa,Salsa de Tomate GOURMET Napolitana 1030 g    Antes,79.0,"https://prod-resize.tiendainglesa.com.uy/images/small/P029856-1.jpg?20210310195259,Salsa-de-Tomate-GOURMET-Napolitana-1030-g-en-Tienda-Inglesa","https://www.tiendainglesa.com.uy/supermercado/salsa-de-tomate-gourmet-napolitana-1030-g.producto?3111,,42",7730306000031
Tienda Inglesa,Galleta de Arroz Integral con Sal TIENDA INGLESA 150 gr,46.0,"https://prod-resize.tiendainglesa.com.uy/images/small/P531222-2.jpg?20220729163411,Galleta-de-Arroz-Integral-con-Sal-TIENDA-INGLESA-150-gr-en-Tienda-Inglesa","https://www.tiendainglesa.com.uy/supermercado/galleta-de-arroz-integral-con-sal-tienda-inglesa-150-gr.producto?1531222,,42",7730127012022
Tienda Inglesa,Papas Fritas LAY'S Stax sabor Original 163 g    Antes,169.0,"https://prod-resize.tiendainglesa.com.uy/images/small/P182482-2.jpg?20231205091554,Papas-Fritas-LAY%27S-Stax-sabor-Original-163-g-en-Tienda-Inglesa","https://www.tiendainglesa.com.uy/supermercado/papas-fritas-lays-stax-sabor-original-163-g.producto?53931,,42",028400055093
Tienda Inglesa,Fideos Spaghetti TIENDA INGLESA 500 gr,103.0,"https://prod-resize.tiendainglesa.com.uy/images/small/P494254-1.jpg?20210402160101,Fideos-Spaghetti-TIENDA-INGLESA-500-gr-en-Tienda-Inglesa","https://www.tiendainglesa.com.uy/supermercado/fideos-spaghetti-tienda-inglesa-500-gr.producto?414448,,42",7730127007790
Tienda Inglesa,Aceite de Canola OPTIMO 900 ml,107.0,"https://prod-resize.tiendainglesa.com.uy/images/small/P403987-1.jpg?20170830115938,Aceite-de-Canola-OPTIMO-900-ml-en-Tienda-Inglesa","https://www.tiendainglesa.com.uy/supermercado/aceite-de-canola-optimo-900-ml.producto?330536,,42",7730132001592
Tienda Inglesa,Arroz Integral SAMAN 1 Kg,82.0,"https://prod-resize.tiendainglesa.com.uy/images/small/P001654-1.jpg?20170830115412,Arroz-Integral-SAMAN-1-Kg-en-Tienda-Inglesa","https://www.tiendainglesa.com.uy/supermercado/arroz-integral-saman-1-kg.producto?711,,42",7730115050104
Tienda Inglesa,Vainillas BIMBO 480g,203.0,"https://prod-resize.tiendainglesa.com.uy/images/small/P416806-2.jpg?20251013110144,Vainillas-BIMBO-480g-en-Tienda-Inglesa","https://www.tiendainglesa.com.uy/supermercado/vainillas-bimbo-480g.producto?343223,,42",7793890252798
Tienda Inglesa,Galletas María TIENDA INGLESA Tripack 300 gr,80.0,"https://prod-resize.tiendainglesa.com.uy/images/small/P581969-1.jpg?20240816160106,Galletas-Maria-TIENDA-INGLESA-Tripack-300-gr-en-Tienda-Inglesa","https://www.tiendainglesa.com.uy/supermercado/galletas-maria-tienda-inglesa-tripack-300-gr.producto?1581969,,42",7730127014378
Tienda Inglesa,Chocolate con Leche MILKA 150 gr,146.0,"https://prod-resize.tiendainglesa.com.uy/images/small/P388151-1.jpg?20250916120712,Chocolate-con-Leche-MILKA-150-gr-en-Tienda-Inglesa","https://www.tiendainglesa.com.uy/supermercado/chocolate-con-leche-milka-150-gr.producto?314563,,42",7622300990114
Tienda Inglesa,Café Instantáneo BRACAFÉ 12 Sobres,70.0,"https://prod-resize.tiendainglesa.com.uy/images/small/P332817-2.jpg?20250421085826,Cafe-Instantaneo-BRACAF-12-Sobres-en-Tienda-Inglesa","https://www.tiendainglesa.com.uy/supermercado/cafe-instantaneo-bracafe-12-sobres.producto?261428,,42",7613034483034
Tienda Inglesa,Huevo Blanco PRODHIN Pack 15 Unidades,279.0,"https://prod-resize.tiendainglesa.com.uy/images/small/P041801-1.jpg?20210520095222,Huevo-Blanco-PRODHIN-Pack-15-Unidades-en-Tienda-Inglesa","https://www.tiendainglesa.com.uy/supermercado/huevo-blanco-prodhin-pack-15-unidades.producto?5039,,42",7730239000016
Tienda Inglesa,Galleta LA CELESTINA Finitas sin Sal 300 gr,97.0,"https://prod-resize.tiendainglesa.com.uy/images/small/P133336-1.jpg?20191129095210,Galleta-LA-CELESTINA-Finitas-sin-Sal-300-gr-en-Tienda-Inglesa","https://www.tiendainglesa.com.uy/supermercado/galleta-la-celestina-finitas-sin-sal-300-gr.producto?8875,,42",7730172275168
Tienda Inglesa,Pulpa de Tomate DE LEY Tamizada 1.020 Kg    Antes,57.0,"https://prod-resize.tiendainglesa.com.uy/images/small/P100622-1.jpg?20170830115510,Pulpa-de-Tomate-DE-LEY-Tamizada-1.020-Kg-en-Tienda-Inglesa","https://www.tiendainglesa.com.uy/supermercado/pulpa-de-tomate-de-ley-tamizada-1.020-kg.producto?7032,,42",7730306000604
Tienda Inglesa,Papas Fritas Clásicas LAY'S 150 gr,182.0,"https://prod-resize.tiendainglesa.com.uy/images/small/P402812-2.jpg?20250901111853,Papas-Fritas-Clasicas-LAY%27S-150-gr-en-Tienda-Inglesa","https://www.tiendainglesa.com.uy/supermercado/papas-fritas-clasicas-lays-150-gr.producto?329252,,42",7790310922316
Tienda Inglesa,Mayonesa Light HELLMANN'S Doypack 950 g    Antes,177.0,"https://prod-resize.tiendainglesa.com.uy/images/small/P091214-1.jpg?20231227100014,Mayonesa-Light-HELLMANN%27S-Doypack-950-g-en-Tienda-Inglesa","https://www.tiendainglesa.com.uy/supermercado/mayonesa-light-hellmanns-doypack-950-g.producto?6736,,42",7794000006416
Tienda Inglesa,Fideos Tirabuzón TIENDA INGLESA 500 gr,103.0,"https://prod-resize.tiendainglesa.com.uy/images/small/P494265-1.jpg?20240530180059,Fideos-Tirabuzon-TIENDA-INGLESA-500-gr-en-Tienda-Inglesa","https://www.tiendainglesa.com.uy/supermercado/fideos-tirabuzon-tienda-inglesa-500-gr.producto?414456,,42",7730127007820
Tienda Inglesa,Levadura Seca FLEISCHMANN 100 gr,277.0,"https://prod-resize.tiendainglesa.com.uy/images/small/P002648-2.jpg?20210222164331,Levadura-Seca-FLEISCHMANN-100-gr-en-Tienda-Inglesa","https://www.tiendainglesa.com.uy/supermercado/levadura-seca-fleischmann-100-gr.producto?23619,,42",7730110120222
Tienda Inglesa,Dulce de Membrillo LOS NIETITOS (Kg)    Antes por kilo,131.0,"https://prod-resize.tiendainglesa.com.uy/images/small/P011035-1.jpg?20220824200055,Dulce-de-Membrillo-LOS-NIETITOS-Kg-en-Tienda-Inglesa","https://www.tiendainglesa.com.uy/supermercado/dulce-de-membrillo-los-nietitos-kg.producto?561,,42",2311035000001
Tienda Inglesa,Galleta 9 DE ORO Azucaradas 420 gr,67.0,"https://prod-resize.tiendainglesa.com.uy/images/small/P440649-4.jpg?20251014124027,Galleta-9-DE-ORO-Azucaradas-420-gr-en-Tienda-Inglesa","https://www.tiendainglesa.com.uy/supermercado/galleta-9-de-oro-azucaradas-420-gr.producto?364697,,42",7792200001125
Tienda Inglesa,Cocoa COPACABANA 500 gr,328.0,"https://prod-resize.tiendainglesa.com.uy/images/small/P002578-1.jpg?20260210100427,Cocoa-COPACABANA-500-gr-en-Tienda-Inglesa","https://www.tiendainglesa.com.uy/supermercado/cocoa-copacabana-500-gr.producto?23585,,42",7613035320710
Tienda Inglesa,Galletas HOGAREÑAS Mix de Cereales 528 gr,133.0,"https://prod-resize.tiendainglesa.com.uy/images/small/P190454-1.jpg?20220705194926,Galletas-HOGAREnAS-Mix-de-Cereales-528-gr-en-Tienda-Inglesa","https://www.tiendainglesa.com.uy/supermercado/galletas-hogarenas-mix-de-cereales-528-gr.producto?46964,,42",7790040126800
Tienda Inglesa,Galletas CHOCOLINAS Bagley 265 g,75.0,"https://prod-resize.tiendainglesa.com.uy/images/small/P200041-3.jpg?20260121105741,Galletas-CHOCOLINAS-Bagley-265-g-en-Tienda-Inglesa","https://www.tiendainglesa.com.uy/supermercado/galletas-chocolinas-bagley-265-g.producto?12511,,42",7790040111004
Tienda Inglesa,Galleta FAMOSA María Mini 300 gr,92.0,"https://prod-resize.tiendainglesa.com.uy/images/small/P160714-1.jpg?20250916120712,Galleta-FAMOSA-Maria-Mini-300-gr-en-Tienda-Inglesa","https://www.tiendainglesa.com.uy/supermercado/galleta-famosa-maria-mini-300-gr.producto?10175,,42",7730110000463
Tienda Inglesa,Galleta Lulu con Chantilly FAMOSA 115 gr,43.0,"https://prod-resize.tiendainglesa.com.uy/images/small/P110852-1.jpg?20250916120712,Galleta-Lulu-con-Chantilly-FAMOSA-115-gr-en-Tienda-Inglesa","https://www.tiendainglesa.com.uy/supermercado/galleta-lulu-con-chantilly-famosa-115-gr.producto?7698,,42",7730110331932
Tienda Inglesa,Puré de Tomate MUTTI Passata 700 g    Antes,159.0,"https://prod-resize.tiendainglesa.com.uy/images/small/P280214-2.jpg?20250314134953,Pure-de-Tomate-MUTTI-Passata-700-g-en-Tienda-Inglesa","https://www.tiendainglesa.com.uy/supermercado/pure-de-tomate-mutti-passata-700-g.producto?210784,,42",80042563
Tienda Inglesa,Lentejas LA ABUNDANCIA 450 g,109.0,"https://prod-resize.tiendainglesa.com.uy/images/small/P001696-2.jpg?20250429124338,Lentejas-LA-ABUNDANCIA-450-g-en-Tienda-Inglesa","https://www.tiendainglesa.com.uy/supermercado/lentejas-la-abundancia-450-g.producto?714,,42",7730195003366
Tienda Inglesa,Fideos Penne Rigate BARILLA 500 gr,159.0,"https://prod-resize.tiendainglesa.com.uy/images/small/P066932-1.jpg?20250822170738,Fideos-Penne-Rigate-BARILLA-500-gr-en-Tienda-Inglesa","https://www.tiendainglesa.com.uy/supermercado/fideos-penne-rigate-barilla-500-gr.producto?100510,,42",8076802085738
Tienda Inglesa,Mayonesa HELLMANN'S Tipo Casera 445 g    Antes,133.0,"https://prod-resize.tiendainglesa.com.uy/images/small/P469934-1.jpg?20220930211951,Mayonesa-HELLMANN%27S-Tipo-Casera-445-g-en-Tienda-Inglesa","https://www.tiendainglesa.com.uy/supermercado/mayonesa-hellmanns-tipo-casera-445-g.producto?391521,,42",7794000005143
Tienda Inglesa,Arroz SAMAN Don Ruggero Carnaroli 1 Kg,160.0,"https://prod-resize.tiendainglesa.com.uy/images/small/P210785-1.jpg?20210520030030,Arroz-SAMAN-Don-Ruggero-Carnaroli-1-Kg-en-Tienda-Inglesa","https://www.tiendainglesa.com.uy/supermercado/arroz-saman-don-ruggero-carnaroli-1-kg.producto?13435,,42",7730115000215
Tienda Inglesa,Alfajor de Nieve Pack PORTEZUELO x 6 Unidades,113.0,"https://prod-resize.tiendainglesa.com.uy/images/small/P042924-1.jpg?20220425093012,Alfajor-de-Nieve-Pack-PORTEZUELO-x-6-Unidades-en-Tienda-Inglesa","https://www.tiendainglesa.com.uy/supermercado/alfajor-de-nieve-pack-portezuelo-x-6-unidades.producto?5089,,42",7730236000453
Tienda Inglesa,Mermelada Dietética Sabor Durazno LOS NIETITOS Pote 400 gr,161.0,"https://prod-resize.tiendainglesa.com.uy/images/small/P389478-2.jpg?20200116141039,Mermelada-Dietetica-Sabor-Durazno-LOS-NIETITOS-Pote-400-gr-en-Tienda-Inglesa","https://www.tiendainglesa.com.uy/supermercado/mermelada-dietetica-sabor-durazno-los-nietitos-pote-400-gr.producto?315906,,42",7730124000602
Tienda Inglesa,Mayonesa HELLMANN'S Doypack 950 g    Antes,179.0,"https://prod-resize.tiendainglesa.com.uy/images/small/P020675-1.jpg?20231227100014,Mayonesa-HELLMANN%27S-Doypack-950-g-en-Tienda-Inglesa","https://www.tiendainglesa.com.uy/supermercado/mayonesa-hellmanns-doypack-950-g.producto?23628,,42",7794000004849
Tienda Inglesa,Café Instantáneo BRACAFÉ 170 g,399.0,"https://prod-resize.tiendainglesa.com.uy/images/small/P003179-1.jpg?20210310195259,Cafe-Instantaneo-BRACAF-170-g-en-Tienda-Inglesa","https://www.tiendainglesa.com.uy/supermercado/cafe-instantaneo-bracafe-170-g.producto?214,,42",7613035511590
Tienda Inglesa,Yerba TIENDA INGLESA 1 Kg    Antes,139.0,"https://prod-resize.tiendainglesa.com.uy/images/small/P524116-1.jpg?20220518103419,Yerba-TIENDA-INGLESA-1-Kg-en-Tienda-Inglesa","https://www.tiendainglesa.com.uy/supermercado/yerba-tienda-inglesa-1-kg.producto?1524116,,42",7730127010462
Tienda Inglesa,Aceite de Girasol VALLE DEL SOL 900 ml,93.0,"https://prod-resize.tiendainglesa.com.uy/images/small/P495934-1.jpg?20210409103128,Aceite-de-Girasol-VALLE-DEL-SOL-900-ml-en-Tienda-Inglesa","https://www.tiendainglesa.com.uy/supermercado/aceite-de-girasol-valle-del-sol-900-ml.producto?416081,,42",7730127007974
Tienda Inglesa,Galletas EL TRIGAL de Coco 200 gr,76.0,"https://prod-resize.tiendainglesa.com.uy/images/small/P001520-1.jpg?20210423152203,Galletas-EL-TRIGAL-de-Coco-200-gr-en-Tienda-Inglesa","https://www.tiendainglesa.com.uy/supermercado/galletas-el-trigal-de-coco-200-gr.producto?23524,,42",7730116113136
Tienda Inglesa,Té HORNIMANS x 50 Sobres    Antes,165.0,"https://prod-resize.tiendainglesa.com.uy/images/small/P003023-1.jpg?20170830115412,Te-HORNIMANS-x-50-Sobres-en-Tienda-Inglesa","https://www.tiendainglesa.com.uy/supermercado/te-hornimans-x-50-sobres.producto?1492,,42",7730261000022
Tienda Inglesa,Mayonesa HELLMANN'S Doypack 475 g    Antes,95.0,"https://prod-resize.tiendainglesa.com.uy/images/small/P041542-1.jpg?20220930210420,Mayonesa-HELLMANN%27S-Doypack-475-g-en-Tienda-Inglesa","https://www.tiendainglesa.com.uy/supermercado/mayonesa-hellmanns-doypack-475-g.producto?5029,,42",7794000004832
Tienda Inglesa,Tapas para Pascualina Redondas Tipo Casera AVANTI 350 gr    Antes,132.0,"https://prod-resize.tiendainglesa.com.uy/images/small/P034313-2.jpg?20220228164757,Tapas-para-Pascualina-Redondas-Tipo-Casera-AVANTI-350-gr-en-Tienda-Inglesa","https://www.tiendainglesa.com.uy/supermercado/tapas-para-pascualina-redondas-tipo-casera-avanti-350-gr.producto?3847,,42",7730927020494
Tienda Inglesa,Mayonesa URUGUAY 500 ml    Antes,83.0,"https://prod-resize.tiendainglesa.com.uy/images/small/P456854-1.jpg?20240129130121,Mayonesa-URUGUAY-500-ml-en-Tienda-Inglesa","https://www.tiendainglesa.com.uy/supermercado/mayonesa-uruguay-500-ml.producto?377978,,42",7730132000779
Tienda Inglesa,Huevos Colorados de Gallinas Alimentadas con Maíz Orgánico PRODHIN x 1...,348.0,"https://prod-resize.tiendainglesa.com.uy/images/small/P447685-1.jpg?20200401142517,Huevos-Colorados-de-Gallinas-Alimentadas-con-Maiz-Organico-PRODHIN-x-12-en-Tienda-Inglesa","https://www.tiendainglesa.com.uy/supermercado/huevos-colorados-de-gallinas-alimentadas-con-maiz-organico-prodhin-x-12.producto?368405,,42",7730239000511
Tienda Inglesa,Galletas Al Agua TIENDA INGLESA 430 gr,92.0,"https://prod-resize.tiendainglesa.com.uy/images/small/P142525-2.jpg?20260128125757,Galletas-Al-Agua-TIENDA-INGLESA-430-gr-en-Tienda-Inglesa","https://www.tiendainglesa.com.uy/supermercado/galletas-al-agua-tienda-inglesa-430-gr.producto?9326,,42",7730127004454
Tienda Inglesa,Caldo KNORR de Carne x 12 Cubos,131.0,"https://prod-resize.tiendainglesa.com.uy/images/small/P057487-1.jpg?20230410180020,Caldo-KNORR-de-Carne-x-12-Cubos-en-Tienda-Inglesa","https://www.tiendainglesa.com.uy/supermercado/caldo-knorr-de-carne-x-12-cubos.producto?5570,,42",7730343001428
Tienda Inglesa,Aceite de Arroz SAMAN 900 ml,167.0,"https://prod-resize.tiendainglesa.com.uy/images/small/P129086-1.jpg?20211127110024,Aceite-de-Arroz-SAMAN-900-ml-en-Tienda-Inglesa","https://www.tiendainglesa.com.uy/supermercado/aceite-de-arroz-saman-900-ml.producto?8637,,42",7730115000130
Tienda Inglesa,Aceite de Girasol NATURA 3 L,408.0,"https://prod-resize.tiendainglesa.com.uy/images/small/P030360-1.jpg?20220816000017,Aceite-de-Girasol-NATURA-3-L-en-Tienda-Inglesa","https://www.tiendainglesa.com.uy/supermercado/aceite-de-girasol-natura-3-l.producto?30245,,42",7790272001036
Tienda Inglesa,Papas Fritas RUFFLES Original 230 gr,212.0,"https://prod-resize.tiendainglesa.com.uy/images/small/P522880-2.jpg?20220408125839,Papas-Fritas-RUFFLES-Original-230-gr-en-Tienda-Inglesa","https://www.tiendainglesa.com.uy/supermercado/papas-fritas-ruffles-original-230-gr.producto?1522880,,42",7802000015359
Tienda Inglesa,Café Glaseado TIENDA INGLESA 500 g,486.0,"https://prod-resize.tiendainglesa.com.uy/images/small/P022794-1.jpg?20220425093012,Cafe-Glaseado-TIENDA-INGLESA-500-g-en-Tienda-Inglesa","https://www.tiendainglesa.com.uy/supermercado/cafe-glaseado-tienda-inglesa-500-g.producto?2101,,42",7730127002283
Tienda Inglesa,Garbanzos CIDACOS Extra 570 g,177.0,"https://prod-resize.tiendainglesa.com.uy/images/small/P047072-2.jpg?20231214161735,Garbanzos-CIDACOS-Extra-570-g-en-Tienda-Inglesa","https://www.tiendainglesa.com.uy/supermercado/garbanzos-cidacos-extra-570-g.producto?5254,,42",8410313325516
Tienda Inglesa,Almidón de Maíz LA ABUNDANCIA  400g,75.0,"https://prod-resize.tiendainglesa.com.uy/images/small/P055633-1.jpg?20170830115449,Almidon-de-Maiz-LA-ABUNDANCIA-400g-en-Tienda-Inglesa","https://www.tiendainglesa.com.uy/supermercado/almidon-de-maiz-la-abundancia-400g.producto?5495,,42",7730195000648
Tienda Inglesa,Pulpa de Tomate GOURMET sin Sal 1.010 Kg    Antes,79.0,"https://prod-resize.tiendainglesa.com.uy/images/small/P142908-1.jpg?20220111155842,Pulpa-de-Tomate-GOURMET-sin-Sal-1.010-Kg-en-Tienda-Inglesa","https://www.tiendainglesa.com.uy/supermercado/pulpa-de-tomate-gourmet-sin-sal-1.010-kg.producto?9342,,42",7730306001427
Tienda Inglesa,Papas Fritas LAY'S Stax sabor Crema y Cebolla 155 g    Antes,169.0,"https://prod-resize.tiendainglesa.com.uy/images/small/P182485-1.jpg?20200420120416,Papas-Fritas-LAY%27S-Stax-sabor-Crema-y-Cebolla-155-g-en-Tienda-Inglesa","https://www.tiendainglesa.com.uy/supermercado/papas-fritas-lays-stax-sabor-crema-y-cebolla-155-g.producto?53933,,42",7501011178878
Tienda Inglesa,Grisines MIA Italianos 130g,166.0,"https://prod-resize.tiendainglesa.com.uy/images/small/P322153-1.jpg?20240716190038,Grisines-MIA-Italianos-130g-en-Tienda-Inglesa","https://www.tiendainglesa.com.uy/supermercado/grisines-mia-italianos-130g.producto?250736,,42",7730988510279
Tienda Inglesa,Salsa Kétchup HEINZ Doypack 620 g    Antes,157.0,"https://prod-resize.tiendainglesa.com.uy/images/small/P379684-3.jpg?20250203133143,Salsa-Ketchup-HEINZ-Doypack-620-g-en-Tienda-Inglesa","https://www.tiendainglesa.com.uy/supermercado/salsa-ketchup-heinz-doypack-620-g.producto?306411,,42",608875005146
Tienda Inglesa,"Mix de Frutos Secos Maní, Nuez Pecan, Castañas de Cajú y Almendras TIE...",187.0,"https://prod-resize.tiendainglesa.com.uy/images/small/P051232-1.jpg?20210402160101,Mix-de-Frutos-Secos-Mani-Nuez-Pecan-Castanas-de-Caju-y-Almendras-TIENDA-INGLESA-150-gr-en-Tienda-Inglesa","https://www.tiendainglesa.com.uy/supermercado/mix-de-frutos-secos-mani-nuez-pecan-castanas-de-caju-y-almendras-tienda-inglesa-150-gr.producto?243337,,42",7730127006618
Tienda Inglesa,Tapas para Empanadas Tipo Casera AVANTI x 20 Tapas 600 gr,223.0,"https://prod-resize.tiendainglesa.com.uy/images/small/P035717-2.jpg?20220228165138,Tapas-para-Empanadas-Tipo-Casera-AVANTI-x-20-Tapas-600-gr-en-Tienda-Inglesa","https://www.tiendainglesa.com.uy/supermercado/tapas-para-empanadas-tipo-casera-avanti-x-20-tapas-600-gr.producto?4114,,42",7730927020548
Tienda Inglesa,Pasas de Uva LA ABUNDANCIA  sin Semillas 250g,179.0,"https://prod-resize.tiendainglesa.com.uy/images/small/P004008-1.jpg?20221201150049,Pasas-de-Uva-LA-ABUNDANCIA-sin-Semillas-250g-en-Tienda-Inglesa","https://www.tiendainglesa.com.uy/supermercado/pasas-de-uva-la-abundancia-sin-semillas-250g.producto?249,,42",7730195000136
Tienda Inglesa,Café Instantáneo BRACAFÉ Sachet 170 g,288.0,"https://prod-resize.tiendainglesa.com.uy/images/small/P495767-2.jpg?20250310124812,Cafe-Instantaneo-BRACAF-Sachet-170-g-en-Tienda-Inglesa","https://www.tiendainglesa.com.uy/supermercado/cafe-instantaneo-bracafe-sachet-170-g.producto?415936,,42",7613287098474
Tienda Inglesa,Fideos Spaghettini Nº 3 BARILLA 500 gr,159.0,"https://prod-resize.tiendainglesa.com.uy/images/small/P275028-1.jpg?20250822170738,Fideos-Spaghettini-N-3-BARILLA-500-gr-en-Tienda-Inglesa","https://www.tiendainglesa.com.uy/supermercado/fideos-spaghettini-n-3-barilla-500-gr.producto?69053,,42",8076800195033
Tienda Inglesa,Chocolate para Taza AGUILA 100 gr,91.0,"https://prod-resize.tiendainglesa.com.uy/images/small/P083918-1.jpg?20210319155457,Chocolate-para-Taza-AGUILA-100-gr-en-Tienda-Inglesa","https://www.tiendainglesa.com.uy/supermercado/chocolate-para-taza-aguila-100-gr.producto?6422,,42",7790407031013
Tienda Inglesa,Pack Huevos Colorados PRODHIN x 15 Unidades,279.0,"https://prod-resize.tiendainglesa.com.uy/images/small/P041796-1.jpg?20201015112635,Pack-Huevos-Colorados-PRODHIN-x-15-Unidades-en-Tienda-Inglesa","https://www.tiendainglesa.com.uy/supermercado/pack-huevos-colorados-prodhin-x-15-unidades.producto?5038,,42",7730239000023
Tienda Inglesa,Lomos de Atún RÍO DE LA PLATA al Natural 170 g    Antes,104.0,"https://prod-resize.tiendainglesa.com.uy/images/small/P079638-2.jpg?20221027152814,Lomos-de-Atun-RO-DE-LA-PLATA-al-Natural-170-g-en-Tienda-Inglesa","https://www.tiendainglesa.com.uy/supermercado/lomos-de-atun-rio-de-la-plata-al-natural-170-g.producto?6261,,42",7730205041678
Tienda Inglesa,Quinoa LA ABUNDANCIA 400 gr,231.0,"https://prod-resize.tiendainglesa.com.uy/images/small/P219181-2.jpg?20210504203917,Quinoa-LA-ABUNDANCIA-400-gr-en-Tienda-Inglesa","https://www.tiendainglesa.com.uy/supermercado/quinoa-la-abundancia-400-gr.producto?14255,,42",7730195004806
Tienda Inglesa,Tostadas de Arroz y Maíz TIENDA INGLESA 130 gr,71.0,"https://prod-resize.tiendainglesa.com.uy/images/small/P580661-1.jpg?20250120200026,Tostadas-de-Arroz-y-Maiz-TIENDA-INGLESA-130-gr-en-Tienda-Inglesa","https://www.tiendainglesa.com.uy/supermercado/tostadas-de-arroz-y-maiz-tienda-inglesa-130-gr.producto?1580661,,42",7730127011452
Tienda Inglesa,Dulce de Membrillo LOS NIETITOS 900 gr,180.0,"https://prod-resize.tiendainglesa.com.uy/images/small/P002600-1.jpg?20211103030004,Dulce-de-Membrillo-LOS-NIETITOS-900-gr-en-Tienda-Inglesa","https://www.tiendainglesa.com.uy/supermercado/dulce-de-membrillo-los-nietitos-900-gr.producto?23589,,42",7730124020402
Tienda Inglesa,Azúcar Rubio BELLA UNIÓN 500 g,73.0,"https://prod-resize.tiendainglesa.com.uy/images/small/P204483-1.jpg?20230118210021,Azucar-Rubio-BELLA-UNIN-500-g-en-Tienda-Inglesa","https://www.tiendainglesa.com.uy/supermercado/azucar-rubio-bella-union-500-g.producto?45590,,42",7730106000422
Tienda Inglesa,Almidón de Maíz MAIZENA 550 gr,125.0,"https://prod-resize.tiendainglesa.com.uy/images/small/P528532-1.jpg?20230327100013,Almidon-de-Maiz-MAIZENA-550-gr-en-Tienda-Inglesa","https://www.tiendainglesa.com.uy/supermercado/almidon-de-maiz-maizena-550-gr.producto?1528532,,42",7794000005389
Tienda Inglesa,Yerba Silueta Ideal CABRAL 1 Kg,225.0,"https://prod-resize.tiendainglesa.com.uy/images/small/P112473-1.jpg?20221011200011,Yerba-Silueta-Ideal-CABRAL-1-Kg-en-Tienda-Inglesa","https://www.tiendainglesa.com.uy/supermercado/yerba-silueta-ideal-cabral-1-kg.producto?7779,,42",7730498001076
Tienda Inglesa,Papas Fritas Clásicas LAY'S 235 gr    Antes,182.0,"https://prod-resize.tiendainglesa.com.uy/images/small/P564467-2.jpg?20250901111804,Papas-Fritas-Clasicas-LAY%27S-235-gr-en-Tienda-Inglesa","https://www.tiendainglesa.com.uy/supermercado/papas-fritas-clasicas-lays-235-gr.producto?1564467,,42",7790310986158
Tienda Inglesa,Aceitunas Verdes sin Carozo RIO DE LA PLATA 200 gr    Antes,51.0,"https://prod-resize.tiendainglesa.com.uy/images/small/P546265-2.jpg?20250904103056,Aceitunas-Verdes-sin-Carozo-RIO-DE-LA-PLATA-200-gr-en-Tienda-Inglesa","https://www.tiendainglesa.com.uy/supermercado/aceitunas-verdes-sin-carozo-rio-de-la-plata-200-gr.producto?1546265,,42",7730205107947
Tienda Inglesa,Dulce de Leche Clásico CONAPROLE 970 gr,306.0,"https://prod-resize.tiendainglesa.com.uy/images/small/P001375-2.jpg?20220214105554,Dulce-de-Leche-Clasico-CONAPROLE-970-gr-en-Tienda-Inglesa","https://www.tiendainglesa.com.uy/supermercado/dulce-de-leche-clasico-conaprole-970-gr.producto?23204,,42",7730105005091
Tienda Inglesa,Grisines LA TRIGUEÑA Clásicos 150 gr,97.0,"https://prod-resize.tiendainglesa.com.uy/images/small/P227866-2.jpg?20230516133311,Grisines-LA-TRIGUEnA-Clasicos-150-gr-en-Tienda-Inglesa","https://www.tiendainglesa.com.uy/supermercado/grisines-la-triguena-clasicos-150-gr.producto?15497,,42",7730221000116
Tienda Inglesa,Caldo KNORR de Gallina x 12 Cubos,131.0,"https://prod-resize.tiendainglesa.com.uy/images/small/P057486-1.jpg?20220930211951,Caldo-KNORR-de-Gallina-x-12-Cubos-en-Tienda-Inglesa","https://www.tiendainglesa.com.uy/supermercado/caldo-knorr-de-gallina-x-12-cubos.producto?5569,,42",7730343001411
Tienda Inglesa,Lentejas TIENDA INGLESA 450 g,125.0,"https://prod-resize.tiendainglesa.com.uy/images/small/P230468-2.jpg?20250925160421,Lentejas-TIENDA-INGLESA-450-g-en-Tienda-Inglesa","https://www.tiendainglesa.com.uy/supermercado/lentejas-tienda-inglesa-450-g.producto?16176,,42",7730127005857
Tienda Inglesa,Aceite de Girasol NATURA en Spray 126 g,250.0,"https://prod-resize.tiendainglesa.com.uy/images/small/P398385-1.jpg?20170830115929,Aceite-de-Girasol-NATURA-en-Spray-126-g-en-Tienda-Inglesa","https://www.tiendainglesa.com.uy/supermercado/aceite-de-girasol-natura-en-spray-126-g.producto?324853,,42",7790272000831
Tienda Inglesa,Fideos Penne Rigate TIENDA INGLESA 500 gr,103.0,"https://prod-resize.tiendainglesa.com.uy/images/small/P494279-1.jpg?20210402160101,Fideos-Penne-Rigate-TIENDA-INGLESA-500-gr-en-Tienda-Inglesa","https://www.tiendainglesa.com.uy/supermercado/fideos-penne-rigate-tienda-inglesa-500-gr.producto?414473,,42",7730127007844
Tienda Inglesa,Galletita Mini OREO 50g,32.0,"https://prod-resize.tiendainglesa.com.uy/images/small/P340955-1.jpg?20250916120712,Galletita-Mini-OREO-50g-en-Tienda-Inglesa","https://www.tiendainglesa.com.uy/supermercado/galletita-mini-oreo-50g.producto?269030,,42",7622201752231
Tienda Inglesa,Mermelada LOS NIETITOS sabor Durazno Pote 500 gr,137.0,"https://prod-resize.tiendainglesa.com.uy/images/small/P003148-1.jpg?20220705194926,Mermelada-LOS-NIETITOS-sabor-Durazno-Pote-500-gr-en-Tienda-Inglesa","https://www.tiendainglesa.com.uy/supermercado/mermelada-los-nietitos-sabor-durazno-pote-500-gr.producto?211,,42",7730124010304
Tienda Inglesa,Orégano MONTE COUDINE 50 gr,134.0,"https://prod-resize.tiendainglesa.com.uy/images/small/P038333-1.jpg?20211030025954,Oregano-MONTE-COUDINE-50-gr-en-Tienda-Inglesa","https://www.tiendainglesa.com.uy/supermercado/oregano-monte-coudine-50-gr.producto?4587,,42",7730177000062
Tienda Inglesa,Edulcorante SPLENDA 100 Sobres,398.0,"https://prod-resize.tiendainglesa.com.uy/images/small/P087001-1.jpg?20180221103157,Edulcorante-SPLENDA-100-Sobres-en-Tienda-Inglesa","https://www.tiendainglesa.com.uy/supermercado/edulcorante-splenda-100-sobres.producto?6557,,42",722776020029
Tienda Inglesa,Galletas de Chocolate Waffle Sensación FAMOSA 180 gr,76.0,"https://prod-resize.tiendainglesa.com.uy/images/small/P106208-1.jpg?20250916120712,Galletas-de-Chocolate-Waffle-Sensacion-FAMOSA-180-gr-en-Tienda-Inglesa","https://www.tiendainglesa.com.uy/supermercado/galletas-de-chocolate-waffle-sensacion-famosa-180-gr.producto?7388,,42",7622201698560
Tienda Inglesa,Orégano TIENDA INGLESA 50 gr,99.0,"https://prod-resize.tiendainglesa.com.uy/images/small/P506789-2.jpg?20210521090811,Oregano-TIENDA-INGLESA-50-gr-en-Tienda-Inglesa","https://www.tiendainglesa.com.uy/supermercado/oregano-tienda-inglesa-50-gr.producto?1506789,,42",7730127008704
